frame,timestamp_seconds,track_id,plate,ocr_confidence,detector_confidence,missed_frames,x1,y1,x2,y2
5,0.083,1,JK02A,0.9942,0.8008,0,1852,730,1920,772
6,0.1,1,JK02A,0.9942,0.8008,0,1853,730,1920,773
7,0.117,1,JK02A,0.9942,0.8008,0,1854,731,1920,774
8,0.133,1,JK02A,0.9942,0.8008,0,1855,732,1920,774
9,0.15,1,JK02A,0.9942,0.8088,0,1858,734,1920,774
10,0.167,1,JK02A,0.9942,0.8173,0,1859,734,1920,774
11,0.184,1,JK02A,0.9942,0.8173,0,1861,735,1920,774
12,0.2,1,JK02A,0.9942,0.8173,0,1862,736,1920,775
13,0.217,1,JK02A,0.9942,0.8173,0,1864,737,1920,775
14,0.234,1,JK02A,0.9942,0.8173,0,1864,736,1920,775
15,0.25,1,JK02A,0.9942,0.8173,0,1864,737,1920,775
16,0.267,1,JK02A,0.9942,0.8173,0,1866,737,1919,775
17,0.284,1,JK02A,0.9942,0.8173,0,1867,738,1919,775
18,0.3,1,JK02A,0.9942,0.8173,0,1870,743,1919,775
19,0.317,1,JK02A,0.9942,0.8173,0,1872,742,1920,775
20,0.334,1,JK02A,0.9942,0.8173,1,1872,742,1920,775
21,0.35,1,JK02A,0.9942,0.8173,2,1872,742,1920,775
22,0.367,1,JK02A,0.9942,0.8173,3,1872,742,1920,775
23,0.384,1,JK02A,0.9942,0.8173,4,1872,742,1920,775
24,0.4,1,JK02A,0.9942,0.8173,5,1872,742,1920,775
25,0.417,1,JK02A,0.9942,0.8173,6,1872,742,1920,775
26,0.434,1,JK02A,0.9942,0.8173,7,1872,742,1920,775
27,0.45,1,JK02A,0.9942,0.8173,8,1872,742,1920,775
28,0.467,1,JK02A,0.9942,0.8173,9,1872,742,1920,775
29,0.484,1,JK02A,0.9942,0.8173,10,1872,742,1920,775
30,0.501,1,JK02A,0.9942,0.8173,11,1872,742,1920,775
31,0.517,1,JK02A,0.9942,0.8173,12,1872,742,1920,775
32,0.534,1,JK02A,0.9942,0.8173,13,1872,742,1920,775
33,0.551,1,JK02A,0.9942,0.8173,14,1872,742,1920,775
34,0.567,1,JK02A,0.9942,0.8173,15,1872,742,1920,775
35,0.584,1,JK02A,0.9942,0.8173,16,1872,742,1920,775
36,0.601,1,JK02A,0.9942,0.8173,17,1872,742,1920,775
37,0.617,1,JK02A,0.9942,0.8173,18,1872,742,1920,775
38,0.634,1,JK02A,0.9942,0.8173,19,1872,742,1920,775
39,0.651,1,JK02A,0.9942,0.8173,20,1872,742,1920,775
40,0.667,1,JK02A,0.9942,0.8173,21,1872,742,1920,775
41,0.684,1,JK02A,0.9942,0.8173,22,1872,742,1920,775
42,0.701,1,JK02A,0.9942,0.8173,23,1872,742,1920,775
43,0.717,1,JK02A,0.9942,0.8173,24,1872,742,1920,775
44,0.734,1,JK02A,0.9942,0.8173,25,1872,742,1920,775
45,0.751,1,JK02A,0.9942,0.8173,26,1872,742,1920,775
46,0.767,1,JK02A,0.9942,0.8173,27,1872,742,1920,775
47,0.784,1,JK02A,0.9942,0.8173,28,1872,742,1920,775
48,0.801,1,JK02A,0.9942,0.8173,29,1872,742,1920,775
49,0.817,1,JK02A,0.9942,0.8173,30,1872,742,1920,775
635,10.594,30,JK02A,0.8869,0.7386,0,1841,775,1915,814
636,10.611,30,JK02A,0.8869,0.7386,0,1841,777,1912,814
637,10.627,30,JK02A,0.8869,0.7386,0,1839,777,1913,818
638,10.644,30,JK02A,0.8869,0.7386,0,1837,776,1909,817
639,10.661,30,JK02A,0.8869,0.7386,0,1836,776,1910,819
640,10.677,30,JK02A,0.8869,0.7386,0,1837,777,1906,818
641,10.694,30,JK02A,0.8869,0.8116,0,1833,777,1904,820
642,10.711,30,JK02A,0.8869,0.8201,0,1831,777,1902,821
643,10.727,30,JK02A,0.8869,0.8201,0,1829,777,1899,822
644,10.744,30,JK02A,0.8869,0.8201,0,1828,779,1897,822
645,10.761,30,JK02A,0.8869,0.8201,0,1826,779,1896,822
646,10.777,30,JK02A,0.8869,0.8204,0,1826,780,1896,822
647,10.794,30,JK02A,0.8869,0.8204,0,1825,783,1894,821
648,10.811,30,JK02A,0.8869,0.8204,0,1825,784,1894,821
649,10.827,30,JK02A,0.8869,0.8204,0,1826,784,1892,822
650,10.844,30,JK02A,0.8869,0.8204,0,1823,784,1890,822
650,10.844,31,JK02111,0.826,0.6019,0,1846,784,1919,825
651,10.861,30,JK02A,0.8869,0.8204,0,1825,786,1889,823
651,10.861,31,JK02111,0.826,0.6019,1,1846,784,1919,825
652,10.878,30,JK02A,0.8869,0.8204,0,1823,788,1891,825
652,10.878,31,JK02111,0.826,0.6019,2,1846,784,1919,825
653,10.894,30,JK02A,0.8869,0.8204,0,1823,790,1890,826
653,10.894,31,JK02111,0.826,0.6019,0,1861,788,1919,826
654,10.911,30,JK02A,0.8869,0.8204,0,1822,789,1889,827
654,10.911,31,JK02111,0.826,0.6019,1,1861,788,1919,826
655,10.928,30,JK02A,0.8869,0.8204,0,1824,792,1893,827
655,10.928,31,JK02111,0.826,0.6019,2,1861,788,1919,826
656,10.944,30,JK02A,0.8869,0.8204,0,1822,791,1892,829
656,10.944,31,JK02111,0.826,0.6019,3,1861,788,1919,826
657,10.961,30,JK02A,0.8869,0.8204,0,1822,791,1895,831
657,10.961,31,JK02111,0.826,0.6019,4,1861,788,1919,826
658,10.978,30,JK02A,0.8869,0.8204,0,1822,794,1892,835
658,10.978,31,JK02111,0.826,0.6019,5,1861,788,1919,826
659,10.994,30,JK02A,0.8869,0.8204,0,1822,794,1893,836
659,10.994,31,JK02111,0.826,0.6019,6,1861,788,1919,826
660,11.011,30,JK02A,0.8869,0.8204,0,1823,795,1894,838
660,11.011,31,JK02111,0.826,0.6019,7,1861,788,1919,826
661,11.028,30,JK02A,0.8869,0.8204,0,1825,797,1895,838
661,11.028,31,JK02111,0.826,0.6019,8,1861,788,1919,826
662,11.044,30,JK02A,0.8869,0.8204,0,1826,801,1894,838
662,11.044,31,JK02111,0.826,0.6019,9,1861,788,1919,826
663,11.061,30,JK02A,0.8869,0.8204,0,1826,801,1895,839
663,11.061,31,JK02111,0.826,0.6019,10,1861,788,1919,826
664,11.078,30,JK02A,0.8869,0.8204,0,1827,803,1896,841
664,11.078,31,JK02111,0.826,0.6019,11,1861,788,1919,826
665,11.094,30,JK02A,0.8869,0.8204,0,1827,803,1897,843
665,11.094,31,JK02111,0.826,0.6019,12,1861,788,1919,826
666,11.111,30,JK02A,0.8869,0.8204,0,1829,803,1898,844
666,11.111,31,JK02111,0.826,0.6019,13,1861,788,1919,826
667,11.128,30,JK02A,0.8869,0.8251,0,1830,804,1900,845
667,11.128,31,JK02111,0.826,0.6019,14,1861,788,1919,826
668,11.144,30,JK02A,0.8869,0.8478,0,1831,805,1901,845
668,11.144,31,JK02111,0.826,0.6019,15,1861,788,1919,826
669,11.161,30,JK02A,0.8869,0.8478,0,1833,807,1903,846
669,11.161,31,JK02111,0.826,0.6019,16,1861,788,1919,826
670,11.178,30,JK02A,0.8869,0.8478,0,1834,809,1903,846
670,11.178,31,JK02111,0.826,0.6019,17,1861,788,1919,826
671,11.195,30,JK02A,0.8869,0.8478,0,1835,809,1908,852
671,11.195,31,JK02111,0.826,0.6019,18,1861,788,1919,826
672,11.211,30,JK02A,0.8869,0.8478,0,1837,812,1909,854
672,11.211,31,JK02111,0.826,0.6019,19,1861,788,1919,826
673,11.228,30,JK02A,0.8869,0.8478,0,1839,811,1910,855
673,11.228,31,JK02111,0.826,0.6019,20,1861,788,1919,826
674,11.245,30,JK02A,0.8869,0.8478,0,1842,814,1912,854
674,11.245,31,JK02111,0.826,0.6019,21,1861,788,1919,826
675,11.261,30,JK02A,0.8869,0.8478,0,1843,814,1913,854
675,11.261,31,JK02111,0.826,0.6019,22,1861,788,1919,826
676,11.278,30,JK02A,0.8869,0.8478,0,1844,820,1912,858
676,11.278,31,JK02111,0.826,0.6019,23,1861,788,1919,826
677,11.295,30,JK02A,0.8869,0.8478,0,1848,819,1916,859
677,11.295,31,JK02111,0.826,0.6019,24,1861,788,1919,826
678,11.311,30,JK02A,0.8869,0.8478,0,1849,819,1920,860
678,11.311,31,JK02111,0.826,0.6019,25,1861,788,1919,826
679,11.328,30,JK02A,0.8869,0.8478,0,1852,819,1920,856
679,11.328,31,JK02111,0.826,0.6019,26,1861,788,1919,826
680,11.345,30,JK02A,0.8869,0.8478,0,1855,821,1920,858
680,11.345,31,JK02111,0.826,0.6019,27,1861,788,1919,826
681,11.361,30,JK02A,0.8869,0.8478,0,1858,824,1920,863
681,11.361,31,JK02111,0.826,0.6019,28,1861,788,1919,826
682,11.378,30,JK02A,0.8869,0.8478,0,1860,824,1920,867
682,11.378,31,JK02111,0.826,0.6019,29,1861,788,1919,826
683,11.395,30,JK02A,0.8869,0.8478,1,1860,824,1920,867
683,11.395,31,JK02111,0.826,0.6019,30,1861,788,1919,826
684,11.411,30,JK02A,0.8869,0.8478,2,1860,824,1920,867
685,11.428,30,JK02A,0.8869,0.8478,3,1860,824,1920,867
686,11.445,30,JK02A,0.8869,0.8478,4,1860,824,1920,867
687,11.461,30,JK02A,0.8869,0.8478,5,1860,824,1920,867
688,11.478,30,JK02A,0.8869,0.8478,6,1860,824,1920,867
689,11.495,30,JK02A,0.8869,0.8478,7,1860,824,1920,867
690,11.511,30,JK02A,0.8869,0.8478,8,1860,824,1920,867
691,11.528,30,JK02A,0.8869,0.8478,9,1860,824,1920,867
692,11.545,30,JK02A,0.8869,0.8478,10,1860,824,1920,867
693,11.562,30,JK02A,0.8869,0.8478,11,1860,824,1920,867
694,11.578,30,JK02A,0.8869,0.8478,12,1860,824,1920,867
695,11.595,30,JK02A,0.8869,0.8478,13,1860,824,1920,867
696,11.612,30,JK02A,0.8869,0.8478,14,1860,824,1920,867
697,11.628,30,JK02A,0.8869,0.8478,15,1860,824,1920,867
698,11.645,30,JK02A,0.8869,0.8478,16,1860,824,1920,867
699,11.662,30,JK02A,0.8869,0.8478,17,1860,824,1920,867
700,11.678,30,JK02A,0.8869,0.8478,18,1860,824,1920,867
701,11.695,30,JK02A,0.8869,0.8478,19,1860,824,1920,867
702,11.712,30,JK02A,0.8869,0.8478,20,1860,824,1920,867
703,11.728,30,JK02A,0.8869,0.8478,21,1860,824,1920,867
704,11.745,30,JK02A,0.8869,0.8478,22,1860,824,1920,867
705,11.762,30,JK02A,0.8869,0.8478,23,1860,824,1920,867
706,11.778,30,JK02A,0.8869,0.8478,24,1860,824,1920,867
707,11.795,30,JK02A,0.8869,0.8478,25,1860,824,1920,867
708,11.812,30,JK02A,0.8869,0.8478,26,1860,824,1920,867
709,11.828,30,JK02A,0.8869,0.8478,27,1860,824,1920,867
710,11.845,30,JK02A,0.8869,0.8478,28,1860,824,1920,867
711,11.862,30,JK02A,0.8869,0.8478,29,1860,824,1920,867
712,11.879,30,JK02A,0.8869,0.8478,30,1860,824,1920,867
